Polluant,valeur,Latitude,Longitude,nom site,Zas,Année
PM10,11.0,49.119442,6.180833,Metz-Centre,ZAG METZ,2024
PM10,10.0,49.110283,6.223336,Metz-Borny,ZAG METZ,2024
PM10,12.0,48.915,6.058336,Pont-à-Mousson,ZR GRAND-EST,2024
PM10,13.0,49.358337,6.156942,Thionville-Centre,ZAG METZ,2024
PM10,12.0,49.3374,6.08207,HAYANGE-MARSPICH,ZAG METZ,2024
PM10,12.0,49.12508,6.181219,Metz- Pont Grilles,ZAG METZ,2024
PM10,16.0,43.401952,4.981919,Port de Bouc Leque,ZAG MARSEILLE-AIX,2024
PM10,18.0,43.675114,4.62921,Arles,ZR PROVENCE-ALPES-COTE-D-AZUR,2024
PM10,21.0,43.399546,5.113214,Chateauneuf La Mede,ZAG MARSEILLE-AIX,2024
PM10,14.0,43.639002,5.101097,SALON,ZAG MARSEILLE-AIX,2024
PM10,18.0,43.4165306,5.222281,Marignane,ZAG MARSEILLE-AIX,2024
PM10,26.0,43.276451,5.39736,MARSEILLE RABATAU,ZAG MARSEILLE-AIX,2024
PM10,18.0,43.348048,5.360119,MARSEILLE ST LOUIS,ZAG MARSEILLE-AIX,2024
PM10,19.0,43.524075,5.448164,AIX ROY RENE,ZAG MARSEILLE-AIX,2024
PM10,11.0,43.335201,5.727365,PLAN AUPS/STE  BAUME,ZR PROVENCE-ALPES-COTE-D-AZUR,2024
PM10,14.0,43.530285,5.440912,AIX CENTRE ECOLE ART,ZAG MARSEILLE-AIX,2024
PM10,20.0,43.453584,5.466672,GARDANNE,ZAG MARSEILLE-AIX,2024
PM10,17.0,43.305287,5.394716,MARSEILLE 5 AVENUES,ZAG MARSEILLE-AIX,2024
PM10,16.0,43.398731,6.075611,BRIGNOLES,ZR PROVENCE-ALPES-COTE-D-AZUR,2024
PM10,26.0,43.126821,5.921605,TOULON FOCH,ZAG TOULON,2024
PM10,17.0,43.437874,6.76839,ESTEREL,ZR PROVENCE-ALPES-COTE-D-AZUR,2024
PM10,18.0,43.131113,5.924184,TOULON CLARET,ZAG TOULON,2024
PM10,16.0,43.949673,4.804341,AVIGNON   MAIRIE,ZAG AVIGNON,2024
PM10,24.0,43.9314,4.826875,Avignon Rocade De Gaulle,ZAG AVIGNON,2024
PM10,14.0,48.930319,2.29435,GENNEVILLIERS,ZAG PARIS,2024
PM10,15.0,48.891666,2.346667,PARIS 18eme,ZAG PARIS,2024
PM10,19.0,48.827778,2.3275,Place Victor Basch,ZAG PARIS,2024
PM10,11.0,49.04639,2.043056,CERGY-PONTOISE,ZAG PARIS,2024
PM10,13.0,48.775897,2.375788,VITRY-SUR-SEINE,ZAG PARIS,2024
PM10,10.0,49.100277,2.343889,Zone Rurale Nord,ZR ILE-DE-FRANCE,2024
PM10,16.0,48.86212,2.344616,PARIS 1er Les Halles,ZAG PARIS,2024
PM10,26.0,48.925278,2.356667,Auto A1 -Saint-Denis,ZAG PARIS,2024
PM10,10.0,48.364166,2.236944,Zone rurale Sud,ZR ILE-DE-FRANCE,2024
PM10,13.0,48.84028,2.635278,LOGNES,ZAG PARIS,2024
PM10,14.0,48.840557,2.484444,NOGENT-SUR-MARNE,ZAG PARIS,2024
PM10,19.0,48.870274,2.3325,Place de l'Opéra,ZAG PARIS,2024
PM10,18.0,48.528057,2.653611,RN6-MELUN,ZAG PARIS,2024
PM10,22.0,48.90222,2.390833,RN2-PANTIN,ZAG PARIS,2024
PM10,20.0,48.873333,2.330278,Boulevard Haussmann,ZAG PARIS,2024
PM10,13.0,48.902504,2.4525,BOBIGNY,ZAG PARIS,2024
PM10,11.0,49.063087,1.866381,Zone Rurale NO,ZR ILE-DE-FRANCE,2024
PM10,16.0,48.8059,3.084158,RD934 Coulommiers,ZR ILE-DE-FRANCE,2024
PM10,14.0,48.830387,2.269889,PARIS Stade Lenglen,ZAG PARIS,2024
PM10,11.0,48.63373,1.830529,RAMBOUILLET,ZR ILE-DE-FRANCE,2024
PM10,14.0,48.95555,2.575278,TREMBLAY-EN-FRANCE,ZAG PARIS,2024
PM10,21.0,48.838615,2.412781,Bld peripherique Est,ZAG PARIS,2024
PM10,15.0,49.415108,0.2437,Honfleur Sce Tech.,ZR NORMANDIE,2024
PM10,14.0,49.48963,0.100703,Le Havre Ec. Herriot,ZAR LE-HAVRE,2024
PM10,13.0,49.50273,0.232486,Gonfreville l Orcher,ZAR LE-HAVRE,2024
PM10,12.0,49.493332,0.571853,NDGravenchon Pasteur,ZAR LE-HAVRE,2024
PM10,0.0,49.498417,0.758697,Maison Parc Brotonne,ZR NORMANDIE,2024
PM10,18.0,49.500187,0.110903,Le Havre Lafaurie-montant,ZAR LE-HAVRE,2024
PM10,13.0,49.514686,0.100645,Le Havre ville-haute,ZAR LE-HAVRE,2024
PM10,14.0,50.35853,3.50804,Valenciennes Acacias,ZAG BLDV,2024
PM10,14.0,50.37822,3.06586,Douai Theuriet,ZAG BLDV,2024
PM10,15.0,50.36425,3.52273,Valenciennes Wallon,ZAG BLDV,2024
PM10,14.0,50.27936,3.97691,Maubeuge Joyeuse,ZR HAUTS-DE-FRANCE,2024
PM10,14.0,50.32276,3.39593,Denain Villars,ZAG BLDV,2024
PM10,12.0,50.09225,3.85003,Cartignies,ZR HAUTS-DE-FRANCE,2024
PM10,11.0,45.79728,3.113833,Montferrand,ZAG CLERMONT-FERRAND,2024
PM10,14.0,45.772167,3.0875,Jardin Lecoq,ZAG CLERMONT-FERRAND,2024
PM10,9.0,46.652668,3.600667,Paray le Fresil,ZR AUVERGNE-RHONE-ALPES,2024
PM10,7.0,45.10472,3.277361,Rageade,ZR AUVERGNE-RHONE-ALPES,2024
PM10,11.0,45.769,3.155,Beaulieu,ZAG CLERMONT-FERRAND,2024
PM10,9.0,44.92008,2.441082,Aurillac-Lagarde,ZR AUVERGNE-RHONE-ALPES,2024
PM10,9.0,45.039001,3.887001,Le Puy-Causans,ZR AUVERGNE-RHONE-ALPES,2024
PM10,11.0,46.5619722,3.34063888888888,Moulins Centre,ZR AUVERGNE-RHONE-ALPES,2024
PM10,13.0,46.340723,2.593945,Montluçon,ZR AUVERGNE-RHONE-ALPES,2024
PM10,11.0,46.130431,3.425694,Vichy,ZR AUVERGNE-RHONE-ALPES,2024
PM10,13.0,45.89674,3.122254,Riom Périurbaine,ZAG CLERMONT-FERRAND,2024
PM10,16.0,43.5915,3.88681,Montpellier Prés d'Arènes,ZAG MONTPELLIER,2024
PM10,13.0,43.6758,4.08838,Lunel Viel,ZR OCCITANIE,2024
PM10,19.0,43.6096,3.89878,Montpellier Pompignane,ZAG MONTPELLIER,2024
PM10,14.0,43.8344,4.3744,Nimes Gauzy,ZAR NIMES,2024
PM10,18.0,43.8299,4.36199,Nimes Planas,ZAR NIMES,2024
PM10,14.0,42.6955,2.90053,Perpignan Les Carmes,ZAR PERPIGNAN,2024
PM10,14.0,46.162647,-1.153684,place de VERDUN,ZR NOUVELLE-AQUITAINE,2024
PM10,16.0,46.135134,-1.117086,Aytré,ZR NOUVELLE-AQUITAINE,2024
PM10,10.0,46.586958,0.358458,Les Couronneries,ZR NOUVELLE-AQUITAINE,2024
PM10,11.0,45.647428,0.167162,Square Pablo Casals,ZR NOUVELLE-AQUITAINE,2024
PM10,16.0,45.651464,0.162391,ANGOULEME-GAMBETTA,ZR NOUVELLE-AQUITAINE,2024
PM10,15.0,46.161632,-1.211229,La Pallice3 LR,ZR NOUVELLE-AQUITAINE,2024
PM10,11.0,46.143234,-0.395913,Zoodyssée Chizé,ZR NOUVELLE-AQUITAINE,2024
PM10,11.0,46.320028,-0.482861,Niort Venise,ZR NOUVELLE-AQUITAINE,2024
PM10,13.0,46.823796,-0.135634,AIRVAULT - Stade Laillé,ZR NOUVELLE-AQUITAINE,2024
PM10,15.0,46.333881,-0.471878,Niort - Tassigny,ZR NOUVELLE-AQUITAINE,2024
PM10,20.0,46.591231,0.34039,Poitiers-Le Nain,ZR NOUVELLE-AQUITAINE,2024
PM10,12.0,46.583998,0.345582,Poitiers Centre  Augouard,ZR NOUVELLE-AQUITAINE,2024
PM10,16.0,51.04858,2.42004,Malo-les-Bains,ZAR COTE-D-OPALE,2024
PM10,16.0,51.01943,2.25099,Mardyck,ZAR COTE-D-OPALE,2024
PM10,15.0,50.94729,1.84308,Calais Berthelot,ZAR COTE-D-OPALE,2024
PM10,16.0,51.032761,2.332358,St Pol mer - cheminots,ZAR COTE-D-OPALE,2024
PM10,17.0,50.94989,1.76917,Sangatte,ZAR COTE-D-OPALE,2024
PM10,16.0,50.9578,1.89008,Calais Parmentier,ZAR COTE-D-OPALE,2024
PM10,15.0,50.98106,2.14317,Gravelines PC/Drire,ZAR COTE-D-OPALE,2024
PM10,17.0,50.99594,2.36627,Cappelle la Grande,ZAR COTE-D-OPALE,2024
PM10,16.0,50.717029,1.605913,Boulogne Diderot,ZAR COTE-D-OPALE,2024
PM10,17.0,50.69435,1.57657,Outreau,ZAR COTE-D-OPALE,2024
PM10,18.0,51.02446,2.30215,Grande-synthe,ZAR COTE-D-OPALE,2024
PM10,14.0,50.74823,2.25978,St Omer Ribot,ZAR COTE-D-OPALE,2024
PM10,12.0,50.61048,1.99145,Campagne les B.,ZR HAUTS-DE-FRANCE,2024
PM10,14.0,50.67003,3.07656,Marcq CTM,ZAG LILLE,2024
PM10,16.0,50.706535,3.18066,Roubaix Serres,ZAG LILLE,2024
PM10,14.0,50.733333,3.173611,Tourcoing Houpline,ZAG LILLE,2024
PM10,13.0,50.59774,3.04946,Wattignies,ZAG LILLE,2024
PM10,13.0,43.575694,1.418064,Toulouse école m. Jacquier,ZAG TOULOUSE,2024
PM10,9.0,43.6287,0.179069,Peyrusse Vieille,ZR OCCITANIE,2024
PM10,12.0,43.623606,1.438531,Toulouse Mazades,ZAG TOULOUSE,2024
PM10,12.0,43.927769,2.145897,Albi Delmas,ZR OCCITANIE,2024
PM10,12.0,43.587344,1.444003,Toulouse Berthelot,ZAG TOULOUSE,2024
PM10,15.0,43.561581,1.393261,Toulouse-SETMI Eisenhower,ZAG TOULOUSE,2024
PM10,15.0,43.556375,1.403964,Toulouse SETMI Chapitre,ZAG TOULOUSE,2024
PM10,12.0,43.096247,-0.040497,Lourdes Lapaca,ZR OCCITANIE,2024
PM10,13.0,43.633478,1.375717,Toulouse - Aéroport Blagnac côté trafic,ZAG TOULOUSE,2024
PM10,12.0,43.803139,1.595475,Bessières-ECONOTRE,ZR OCCITANIE,2024
PM10,14.0,43.230297,0.062339,Tarbes lycée Dupuy,ZR OCCITANIE,2024
PM10,12.0,43.610497,2.23015,Castres stadeTravet,ZR OCCITANIE,2024
PM10,15.0,43.643944,1.468244,Toulouse Rte Albi,ZAG TOULOUSE,2024
PM10,19.0,43.610386,1.4152,Toulouse Port de l'Embouchure,ZAG TOULOUSE,2024
PM10,10.0,44.35699225,2.57070422,Rodez Camonil,ZR OCCITANIE,2024
PM10,9.0,49.90778,4.63,REVIN,ZR GRAND-EST,2024
PM10,13.0,49.28222,4.051111,BETHENY,ZAR REIMS,2024
PM10,17.0,49.250732,4.023064,DOUMER,ZAR REIMS,2024
PM10,14.0,49.224167,4.020556,Jean d Aulan,ZAR REIMS,2024
PM10,11.0,48.962223,4.36,CHALONS,ZR GRAND-EST,2024
PM10,16.0,49.0461,3.955911,Rempart Perrier,ZR GRAND-EST,2024
PM10,11.0,48.295002,4.050278,STE SAVINE,ZR GRAND-EST,2024
PM10,12.0,48.645836,4.966111,St DIZIER L. Michel,ZR GRAND-EST,2024
PM10,15.0,49.745277,4.719167,CHARLEVILLE,ZR GRAND-EST,2024
PM10,13.0,45.360176,5.589419,Voiron Urbain,ZAG GRENOBLE,2024
PM10,16.0,45.1828,5.7531,St Martin d'Heres,ZAG GRENOBLE,2024
PM10,15.0,45.1619,5.7356,Grenoble Les Frenes,ZAG GRENOBLE,2024
PM10,13.0,45.0578,5.6767,Grenoble PeriurbSud,ZAG GRENOBLE,2024
PM10,18.0,45.18069,5.720625,Grenoble Boulevards,ZAG GRENOBLE,2024
PM10,14.0,45.2797,5.8822,Gresivaudan Periurb,ZAG GRENOBLE,2024
PM10,21.0,45.15467,5.74523,Rocade Sud Eybens,ZAG GRENOBLE,2024
PM10,15.0,48.610363,7.781631,Strasbourg Nord,ZAG STRASBOURG,2024
PM10,17.0,48.59043,7.744983,Strasbourg Clemenceau,ZAG STRASBOURG,2024
PM10,13.0,48.0744444,7.3505555,Colmar Centre,ZR GRAND-EST,2024
PM10,11.0,47.757435,7.347294,Mulhouse Nord,ZR GRAND-EST,2024
PM10,14.0,47.737415,7.309075,Mulhouse Sud 2,ZR GRAND-EST,2024
PM10,15.0,47.747684,7.321364,Mulhouse-Briand,ZR GRAND-EST,2024
PM10,21.0,48.588056,7.729722,Strasbourg A35 Remparts,ZAG STRASBOURG,2024
PM10,7.0,48.492992,7.1298,Donon Vosges Moyennes 2,ZR GRAND-EST,2024
PM10,10.0,49.86889,2.239806,Salouel,ZAR AMIENS,2024
PM10,12.0,50.129448,1.610833,Arrest,ZR HAUTS-DE-FRANCE,2024
PM10,14.0,49.851334,3.284,P. Roth St Quentin,ZR HAUTS-DE-FRANCE,2024
PM10,13.0,49.259552,2.474397,Faiencerie Creil,ZAR CREIL,2024
PM10,12.0,49.901667,2.304597,St Pierre Amiens,ZAR AMIENS,2024
PM10,12.0,49.174931,3.260819,Neuilly-Saint-Front,ZR HAUTS-DE-FRANCE,2024
PM10,12.0,49.61563,1.963259,Gaudechart,ZR HAUTS-DE-FRANCE,2024
PM10,15.0,49.435932,2.084292,Trafic Beauvais 1,ZR HAUTS-DE-FRANCE,2024
PM10,13.0,48.10861,-1.66586,Rennes Laennec,ZAG RENNES,2024
PM10,14.0,48.38618,-4.4866,Brest Mace,ZAR BREST,2024
PM10,15.0,48.39746,-4.48871,Brest Desmoulins,ZAR BREST,2024
PM10,8.0,48.261963,-2.943631,Kergoff,ZR BRETAGNE,2024
PM10,13.0,47.7425,-3.39501,Lorient B. Bissonnet,ZR BRETAGNE,2024
PM10,12.0,47.64892,-2.76399,Vannes UTA,ZR BRETAGNE,2024
PM10,13.0,47.758947,-3.36938,Lorient Normandie,ZR BRETAGNE,2024
PM10,13.0,48.11521,-1.673088,Rennes Thabor,ZAG RENNES,2024
PM10,11.0,47.986606,-4.097658,Quimper Zola,ZR BRETAGNE,2024
PM10,13.0,48.51351,-2.74953,Saint Brieuc Balzac,ZR BRETAGNE,2024
PM10,16.0,48.65306,-2.00268,StMalo Rocabey,ZR BRETAGNE,2024
PM10,22.0,45.720024,4.818156,A7 SUD LYONNAIS,ZAG LYON,2024
PM10,15.0,45.73529,4.829794,GERLAND,ZAG LYON,2024
PM10,18.0,45.6639,4.8459,FEYZIN STADE,ZAG LYON,2024
PM10,24.0,45.6019,4.8022,TERNAY,ZAG LYON,2024
PM10,14.0,45.823223,4.953958,COTIERE AIN,ZAG LYON,2024
PM10,14.0,45.7533,5.0722,SAINT EXUPERY,ZAG LYON,2024
PM10,16.0,45.757732,4.854214,LYON Centre,ZAG LYON,2024
PM10,21.0,45.77482,4.898572,Lyon Périphérique,ZAG LYON,2024
PM10,13.0,45.7496944,4.84438888888888,LYON TRAFIC JAURES,ZAG LYON,2024
PM10,13.0,45.990112,4.715566,Villefranche Centre ,ZAG LYON,2024
PM10,11.0,49.19222,-0.391111,Caen Chemin-Vert,ZAR CAEN,2024
PM10,11.0,49.15167,-0.352778,IFS Caen sud,ZAR CAEN,2024
PM10,11.0,49.147224,0.227222,Lisieux,ZR NORMANDIE,2024
PM10,10.0,48.445553,0.110833,Alençon Météo-France,ZR NORMANDIE,2024
PM10,13.0,49.64225,-1.624361,Cherbourg Hotel de Ville,ZR NORMANDIE,2024
PM10,14.0,49.6338888888888,-1.62472222221668,Cherbourg PMF,ZR NORMANDIE,2024
PM10,13.0,49.11639,-1.084722,Saint-Lô Eglise,ZR NORMANDIE,2024
PM10,8.0,48.645,-0.458333,La Coulonche MERA,ZR NORMANDIE,2024
PM10,15.0,49.1798333190825,-0.329750000088734,Caen Montalivet,ZAR CAEN,2024
PM10,12.0,49.165726,6.716886,Ecole de Carling(9),ZR GRAND-EST,2024
PM10,12.0,49.18742,6.910867,Station de FORBACH,ZR GRAND-EST,2024
PM10,12.0,47.322706,-2.039244,LA MEGRETAIS,ZAG NANTES-SAINT-NAZAIRE,2024
PM10,12.0,47.24747,-1.936619,FROSSAY,ZR PAYS-DE-LA-LOIRE,2024
PM10,11.0,47.28318,-1.783164,S ETIENNE DE MONTLUC,ZAG NANTES-SAINT-NAZAIRE,2024
PM10,12.0,47.054443,-0.886111,SAINT EXUPERY,ZR PAYS-DE-LA-LOIRE,2024
PM10,11.0,47.252777,-1.573333,LA CHAUVINIERE,ZAG NANTES-SAINT-NAZAIRE,2024
PM10,12.0,47.26412,-2.249858,LEON BLUM,ZAG NANTES-SAINT-NAZAIRE,2024
PM10,11.0,47.468513,-0.556053,BEAUX ARTS,ZAR ANGERS-LOIRE,2024
PM10,12.0,48.06943,-0.767692,MAZAGRAN,ZAR LAVAL,2024
PM10,11.0,46.656685,-0.743681,LA TARDIERE,ZR PAYS-DE-LA-LOIRE,2024
PM10,12.0,46.6607,-1.436831,DELACROIX,ZR PAYS-DE-LA-LOIRE,2024
PM10,11.0,47.78773,-0.444044,SAINT-DENIS D'ANJOU,ZR PAYS-DE-LA-LOIRE,2024
PM10,10.0,47.319157,-2.066953,PARSCAU DU PLESSIS,ZAG NANTES-SAINT-NAZAIRE,2024
PM10,11.0,47.971066,0.221422,SOURCES,ZAR LE-MANS,2024
PM10,12.0,47.2225,-1.5375,CIM BOUTEILLERIE,ZAG NANTES-SAINT-NAZAIRE,2024
PM10,16.0,47.1941472,-1.581677778,LEVOYER,ZAG NANTES-SAINT-NAZAIRE,2024
PM10,14.0,47.1859194,-1.59149722222222,LES COUETS,ZAG NANTES-SAINT-NAZAIRE,2024
PM10,13.0,47.466992,-0.554686,ROI RENE,ZAR ANGERS-LOIRE,2024
PM10,12.0,47.3210778,-2.127322,CAME,ZAG NANTES-SAINT-NAZAIRE,2024
PM10,16.0,47.204122,-1.564811,FRERES GONCOURT,ZAG NANTES-SAINT-NAZAIRE,2024
PM10,15.0,43.558389,7.005919,CANNES BROUSSAILLES,ZAG NICE,2024
PM10,13.0,43.835784,5.786131,MANOSQUE,ZR PROVENCE-ALPES-COTE-D-AZUR,2024
PM10,20.0,43.786583,7.373283,PEILLON,ZAG NICE,2024
PM10,18.0,43.788748,7.332382,CONTES 2,ZAG NICE,2024
PM10,17.0,44.555193,6.073015,GAP COMMANDERIE,ZR PROVENCE-ALPES-COTE-D-AZUR,2024
PM10,20.0,43.689291,7.242074,NICE PROMENADE,ZAG NICE,2024
PM10,18.0,43.702075,7.286256,NICE ARSON,ZAG NICE,2024
PM10,17.0,44.548647,6.067237,GAP JEAN JAURES,ZR PROVENCE-ALPES-COTE-D-AZUR,2024
PM10,8.0,43.933476,5.711809,Obs Haute-Provence,ZR PROVENCE-ALPES-COTE-D-AZUR,2024
PM10,12.0,49.358215,1.007853,Gd Couronne Mairie,ZAG ROUEN,2024
PM10,14.0,49.442358,1.093789,Espace du Palais,ZAG ROUEN,2024
PM10,11.0,49.02134,1.148319,Evreux Centre,ZR NORMANDIE,2024
PM10,12.0,49.4005,1.099042,Centre Hospitalier,ZAG ROUEN,2024
PM10,15.0,49.42815,1.058025,Petit Quevilly,ZAG ROUEN,2024
PM10,12.0,49.30487,1.214367,Base loisirs Poses,ZR NORMANDIE,2024
PM10,17.0,49.918007,1.073972,Dieppe prox-auto,ZR NORMANDIE,2024
PM10,16.0,49.436699,1.098838,Rouen Proxi Quai de Paris,ZAG ROUEN,2024
PM10,18.0,49.4341639,1.067052778,Petit-Quevilly Sud 3,ZAG ROUEN,2024
PM10,12.0,49.920492,1.047892,Dieppe Golf,ZR NORMANDIE,2024
PM10,13.0,47.307368,5.065881,Dijon Péjoces,ZAR DIJON,2024
PM10,8.0,47.274762,4.099476,Morvan,ZR BOURGOGNE-FRANCHE-COMTE,2024
PM10,13.0,47.325744,5.041056,Dijon Trémouille,ZAR DIJON,2024
PM10,12.0,48.200436,3.2773,Sens,ZR BOURGOGNE-FRANCHE-COMTE,2024
PM10,11.0,46.996828,3.171092,Nevers,ZR BOURGOGNE-FRANCHE-COMTE,2024
PM10,11.0,47.800575,3.576189,Auxerre,ZR BOURGOGNE-FRANCHE-COMTE,2024
PM10,14.0,47.351367,5.070706,Dijon Ardennes,ZAR DIJON,2024
PM10,13.0,45.36782,4.805147,ROUSSILLON,ZAR VALLEE-DU-RHONE,2024
PM10,12.0,45.60822,5.270872,Bourgoin-Jallieu,ZAG LYON,2024
PM10,17.0,45.344078,4.807481,A7 Salaise Ouest,ZAR VALLEE-DU-RHONE,2024
PM10,14.0,50.30886,2.807369,St-Laurent-Blangy,ZAR ARRAS,2024
PM10,13.0,50.535385,2.635692,Bethune Stade,ZAG BLDV,2024
PM10,15.0,50.48972,2.66642,Noeux-les-Mines,ZAG BLDV,2024
PM10,15.0,50.428604,2.836111,Lens Varsovie,ZAG BLDV,2024
PM10,10.0,46.04111,4.074656,ROANNE,ZR AUVERGNE-RHONE-ALPES,2024
PM10,13.0,45.42009,4.395422,SAINT ETIENNE SUD,ZAG SAINT-ETIENNE,2024
PM10,12.0,45.475327,4.515003,SAINT-CHAMOND,ZAG SAINT-ETIENNE,2024
PM10,22.0,45.533424,4.623939,RIVE DE GIER,ZAG SAINT-ETIENNE,2024
PM10,13.0,45.481777,4.429667,LA TALAUDIERE,ZAG SAINT-ETIENNE,2024
PM10,18.0,45.4479806,4.388763889,ST ETIENNE BD URBAIN ,ZAG SAINT-ETIENNE,2024
PM10,13.0,48.1726528,6.45281666,Epinal,ZR GRAND-EST,2024
PM10,15.0,48.621502,6.194922,Fléville,ZAG NANCY,2024
PM10,14.0,48.565445,6.129578,Frolois,ZR GRAND-EST,2024
PM10,15.0,48.614914,6.107672,Neuves-Maisons,ZAG NANCY,2024
PM10,17.0,48.694725,6.965275,Heming,ZR GRAND-EST,2024
PM10,14.0,49.06583,5.785556,Jonville en Woevre,ZR GRAND-EST,2024
PM10,13.0,48.68817,6.190431,Nancy-Charles III,ZAG NANCY,2024
PM10,16.0,44.86121,-0.58037,GRAND PARC,ZAG BORDEAUX,2024
PM10,13.0,44.800462,-0.589398,TALENCE,ZAG BORDEAUX,2024
PM10,14.0,44.849647,-0.544995,BORDEAUX-BASTIDE,ZAG BORDEAUX,2024
PM10,15.0,44.841373,-0.651068,MERIGNAC,ZAG BORDEAUX,2024
PM10,13.0,44.900296,-0.515835,BASSENS,ZAG BORDEAUX,2024
PM10,12.0,43.310797,-0.391543,BILLERE,ZR NOUVELLE-AQUITAINE,2024
PM10,14.0,43.47982,-1.489157,SAINT-CROUTS,ZAG BAYONNE,2024
PM10,19.0,43.494041,-1.528753,ANGLET,ZAG BAYONNE,2024
PM10,11.0,43.376279,-0.538206,LABASTIDE CEZERACQ,ZR NOUVELLE-AQUITAINE,2024
PM10,13.0,43.838876,-0.81203,TARTAS Pelletrin,ZR NOUVELLE-AQUITAINE,2024
PM10,12.0,45.189825,0.727184,PERIGUEUX,ZR NOUVELLE-AQUITAINE,2024
PM10,15.0,43.311091,-0.352116,PAU TOURASSE,ZR NOUVELLE-AQUITAINE,2024
PM10,14.0,44.508782,0.142695,MARMANDE,ZR NOUVELLE-AQUITAINE,2024
PM10,17.0,43.470237,-1.553876,Biarritz-hippodrome,ZAG BAYONNE,2024
PM10,18.0,44.833825,-0.598525,Bordeaux_GAUTIER,ZAG BORDEAUX,2024
PM10,13.0,43.888972,-0.507028,MONT-DE-MARSAN - MIDOUZE,ZR NOUVELLE-AQUITAINE,2024
PM10,15.0,44.84341,-0.50698,Floirac Branne,ZAG BORDEAUX,2024
PM10,11.0,46.782311,4.847322,Chalon Centre Ville,ZAR CHALON,2024
PM10,13.0,46.821056,4.835083,Champforgueil,ZAR CHALON,2024
PM10,12.0,46.678785,4.366893,Montceau-les-Mines 9me écluse,ZR BOURGOGNE-FRANCHE-COMTE,2024
PM10,11.0,45.56472,5.928333,PASTEUR,ZAR PAYS-DE-SAVOIE,2024
PM10,11.0,45.56943,5.932986,Chambéry Trafic,ZAR PAYS-DE-SAVOIE,2024
PM10,11.0,45.274723,6.349722,SAINT JEAN,ZR AUVERGNE-RHONE-ALPES,2024
PM10,9.0,45.209364,6.480326,Maurienne Trafic,ZR AUVERGNE-RHONE-ALPES,2024
PM10,15.0,45.9225,6.87,CHAMONIX,ZAR VALLEE-DE-L-ARVE,2024
PM10,14.0,45.675,6.389722,Albertville,ZAR VALLEE-DE-LA-TARANTAISE,2024
PM10,17.0,45.53583,6.471111,La Léchère,ZAR VALLEE-DE-LA-TARANTAISE,2024
PM10,18.0,45.89528,6.118333,LOVERCHY,ZAR PAYS-DE-SAVOIE,2024
PM10,19.0,45.9097,6.11825,ANNECY Rocade,ZAR PAYS-DE-SAVOIE,2024
PM10,15.0,46.19583,6.240556,ANNEMASSE,ZAR PAYS-DE-SAVOIE,2024
PM10,13.0,46.193641,6.214534,GAILLARD,ZAR PAYS-DE-SAVOIE,2024
PM10,19.0,45.92361,6.713611,PASSY,ZAR VALLEE-DE-L-ARVE,2024
PM10,15.0,45.907223,6.845833,BOSSONS,ZAR VALLEE-DE-L-ARVE,2024
PM10,10.0,46.072224,5.820833,St Germain/Rhône,ZR AUVERGNE-RHONE-ALPES,2024
PM10,12.0,46.211666,5.226389,Bourg-en-Bresse,ZR AUVERGNE-RHONE-ALPES,2024
PM10,13.0,47.907083,1.901139,Gambetta,ZAG ORLEANS,2024
PM10,11.0,47.344139,0.653778,Joué lès Tours,ZAG TOURS,2024
PM10,10.0,47.419083,0.682944,La Bruyère,ZAG TOURS,2024
PM10,14.0,47.394639,0.704861,Pompidou,ZAG TOURS,2024
PM10,10.0,47.83775,1.944667,La_Source-CNRS,ZAG ORLEANS,2024
PM10,10.0,47.075044,2.407183,Bourges-Baffier,ZR CENTRE-VAL-DE-LOIRE,2024
PM10,11.0,47.082778,2.405333,Leblanc,ZR CENTRE-VAL-DE-LOIRE,2024
PM10,12.0,48.444417,1.510139,Fulbert,ZR CENTRE-VAL-DE-LOIRE,2024
PM10,11.0,48.729694,1.358472,Dreux Centre,ZR CENTRE-VAL-DE-LOIRE,2024
PM10,15.0,48.760889,1.233639,Saint-Remy,ZR CENTRE-VAL-DE-LOIRE,2024
PM10,11.0,46.798278,1.693139,Chateauroux Sud,ZR CENTRE-VAL-DE-LOIRE,2024
PM10,11.0,47.594256,1.302667,Blois nord,ZAR BLOIS,2024
PM10,11.0,48.00145,2.72618,Montargis Les Cites,ZR CENTRE-VAL-DE-LOIRE,2024
PM10,13.0,47.910303,1.873431,St Jean de la Ruelle,ZAG ORLEANS,2024
PM10,9.0,45.884851,0.898431,ST JUNIEN - Fontaine,ZR NOUVELLE-AQUITAINE,2024
PM10,14.0,45.158738,1.537259,BRIVE - Dalton,ZR NOUVELLE-AQUITAINE,2024
PM10,9.0,46.17362,1.873024,GUERET - Nicolas,ZR NOUVELLE-AQUITAINE,2024
PM10,10.0,45.262665,1.762752,TULLE - Hugo,ZR NOUVELLE-AQUITAINE,2024
PM10,12.0,45.873311,1.307916,PALAIS S/ V.- Garros,ZAR LIMOGES,2024
PM10,11.0,45.829975,1.254772,LIMOGES - Aine,ZAR LIMOGES,2024
PM10,11.0,45.875834,0.823951,SAILLAT - Ipaper,ZR NOUVELLE-AQUITAINE,2024
PM10,10.0,45.842204,1.259689,LIMOGES - BERLAND,ZAR LIMOGES,2024
PM10,18.0,44.870243,4.876289,Valence Périurb. Sud,ZAR VALLEE-DU-RHONE,2024
PM10,16.0,44.933514,4.893481,Valence Urb. Centre,ZAR VALLEE-DU-RHONE,2024
PM10,18.0,45.0425,5.0443,Romans-sur-Isère,ZAR VALLEE-DU-RHONE,2024
PM10,9.0,44.569443,5.278972,Drôme Rurale Sud-SND,ZR AUVERGNE-RHONE-ALPES,2024
PM10,16.0,44.9492,4.890133,A7 Valence Est,ZAR VALLEE-DU-RHONE,2024
PM10,26.0,16.257308,-61.591725,ST de Baie mahault,ZAG POINTE-A-PITRE,2024
PM10,25.0,16.23674,-61.534101,PTP-VICTOIRE,ZAG POINTE-A-PITRE,2024
PM10,22.0,15.994349,-61.727203,BT_PICHON,ZR GUADELOUPE,2024
PM10,20.0,18.070114,-63.081481,SXM Marigot,ZR GUADELOUPE,2024
PM10,21.0,16.254085,-61.53713,ABYMES RN1,ZAG POINTE-A-PITRE,2024
PM10,24.0,16.4545,-61.4281,Anse-Bertrand Campêche,ZR GUADELOUPE,2024
PM10,9.0,-20.889893,55.46884,LYC. LISLET GEOFFROY,ZAR SAINT-DENIS,2024
PM10,13.0,-21.334406,55.45906,Station Luther King,ZAR VOLCAN,2024
PM10,13.0,-21.312895,55.474194,Ligne Paradis,ZAR VOLCAN,2024
PM10,3.0,-21.204815,55.58262,Station Bourg-Murat,ZAR VOLCAN,2024
PM10,5.0,-21.29433,55.62793,Grand Coude,ZAR VOLCAN,2024
PM10,9.0,-21.022112,55.266773,Plateau Caillou,ZAR SAINT-DENIS,2024
PM10,18.0,-21.032139,55.232563,Grand Fond,ZAR SAINT-DENIS,2024
PM10,17.0,-20.998577,55.28062,Chaussée Royale,ZAR SAINT-DENIS,2024
PM10,19.0,-21.331703,55.478949,BD BANKS,ZAR VOLCAN,2024
PM10,16.0,-21.213212,55.302844,RDT SAINT-LEU,ZR LA REUNION,2024
PM10,25.0,14.616389,-61.100792,Ville de Schoelcher,ZAR FORT-DE-FRANCE,2024
PM10,26.0,14.610653,-61.002586,Lamentin,ZAR FORT-DE-FRANCE,2024
PM10,40.0,14.614111,-61.0530833,Reneville,ZAR FORT-DE-FRANCE,2024
PM10,21.0,14.468869,-60.927417,Sainte_Luce,ZR MARTINIQUE,2024
PM10,24.0,14.607444,-61.069778,Fort-de-France - Hôtel de ville,ZAR FORT-DE-FRANCE,2024
PM10,22.0,14.678025,-60.939056,Robert Bourg,ZAR FORT-DE-FRANCE,2024
PM10,24.0,5.164248,-52.64649,Kourou Gaston Monnerville Brady,ZR GUYANE,2024
PM10,40.0,4.84816,-52.3238,Kalou,ZAR ILE-DE-CAYENNE,2024
PM10,25.0,4.9378467,-52.32093,Caiena3,ZAR ILE-DE-CAYENNE,2024
PM10,27.0,4.920833,-52.321944,Cayenne-Bouchon,ZAR ILE-DE-CAYENNE,2024
PM10,19.0,41.924694,8.735694,AJACCIO CANETTO,ZAR AJACCIO,2024
PM10,14.0,42.697917,9.446417,BASTIA GIRAUD,ZAR BASTIA,2024
PM10,19.0,41.958028,8.820278,AJACCIO PIATANICCIA,ZAR AJACCIO,2024
PM10,14.0,42.535833,9.475972,BASTIA LA MARANA,ZAR BASTIA,2024
PM10,11.0,42.236028,9.190028,VENACO,ZR CORSE,2024
PM10,25.0,41.92575,8.738278,AJACCIO ABBATUCCI,ZAR AJACCIO,2024
PM10,15.0,42.702833,9.446389,BASTIA FANGO,ZAR BASTIA,2024
PM10,19.0,41.94768611,8.79615833,AJACCIO CONFINA 2,ZAR AJACCIO,2024
PM10,14.0,48.572808,7.767833,Strasbourg Neudorf Ecoquartier Danube,ZAG STRASBOURG,2024
PM10,32.0,-12.772944,45.223206,Kawéni Village,ZR MAYOTTE,2024
PM10,18.0,-12.778186,45.220235,Convalescence,ZR MAYOTTE,2024
PM10,54.0,-12.761174,45.226197,Kawéni Nord,ZR MAYOTTE,2024
PM10,12.0,44.01285657,1.37530522,Montauban - Ramierou,ZR OCCITANIE,2024
PM10,23.0,42.69587,2.888483,Perpignan bd Pyrénées,ZAR PERPIGNAN,2024
PM10,26.0,43.611606,3.827868,Montpellier Liberté,ZAG MONTPELLIER,2024
PM10,12.0,47.2474,6.015419,Besançon Prévoyance,ZAR BESANCON,2024
PM10,12.0,47.510307,6.794,Montbéliard centre,ZAR BELFORT-MONTBELIARD,2024
PM10,11.0,47.640667,6.859278,Belfort Octroi,ZAR BELFORT-MONTBELIARD,2024
PM10,14.0,47.630755,6.858944,Belfort centre,ZAR BELFORT-MONTBELIARD,2024
PM10,8.0,47.29464,6.825861,Montandon Baresans,ZR BOURGOGNE-FRANCHE-COMTE,2024
PM10,12.0,47.09672,5.496389,Dole centre,ZR BOURGOGNE-FRANCHE-COMTE,2024
PM10,10.0,47.147231,5.556211,Chatenois,ZR BOURGOGNE-FRANCHE-COMTE,2024
PM10,13.0,47.620022,6.157642,Vesoul Pres Caillet,ZR BOURGOGNE-FRANCHE-COMTE,2024
PM10,11.0,47.351288,6.359722,Baume-les-Dames,ZR BOURGOGNE-FRANCHE-COMTE,2024
